crime_rate,foreigner_rate
1.0,0.22354770544309036
0.22354770544309036,1.0
